affinity,SiO2,TiO2,Al2O3,FeOT,CaO,MgO,Na2O,K2O
th,69.5,0.30,13.20,3.93,1.19,0.05,5.45,3.25
th,69.1,0.29,13.30,3.91,1.19,0.06,5.39,3.25
th,69.5,0.28,13.30,3.85,1.14,0.06,5.5,3.29
th,69.5,0.30,13.00,3.74,1.13,0.06,5.33,3.28
th,69.5,0.27,13.10,3.73,1.08,0.07,5.4,3.32
th,73.3,0.31,10.40,4.55,0.18,0.07,4.96,4.48
th,75.8,0.12,11.80,1.44,0.96,0.07,4.31,3.34
th,76.2,0.13,12.00,1.59,1.04,0.07,4.36,3.21
th,76.4,0.13,12.00,1.57,1.03,0.07,4.37,3.21
th,73.39,0.19,13.39,2.52,0.91,0.08,5.33,3.8
th,73.75,0.14,13.60,2.47,0.74,0.08,4.93,3.63
th,74.5,0.28,8.50,5.79,0.25,0.08,3.77,4.14
th,71.88788,0.17,13.14,2.30,1.51,0.08,4.77602,2.78899
th,69.4,0.29,12.90,3.77,1.16,0.09,5.14,3.16
th,69.7,0.30,13.20,3.97,1.15,0.09,5.25,3.28
th,71.24,0.34,13.90,3.10,1.03,0.09,5.55,3.74
th,72.1,0.33,11.50,4.34,0.46,0.09,5.84,4.26
th,74.25,0.30,12.09,3.53,1.90,0.09,4.7,2.84
th,66.22,0.36,16.40,3.51,0.60,0.10,5.4,4.03
th,70.2,0.24,12.50,2.60,1.80,0.10,5,2
th,74.38,0.29,11.98,3.59,1.80,0.10,4.6,2.96
th,74.08,0.32,12.18,3.61,1.93,0.11,4.63,2.8
th,75.28,0.35,12.36,2.84,1.94,0.12,3.92,2.83
th,69.93,0.34,14.72,4.83,2.66,0.13,4.85,2.33
th,72.59,0.22,14.67,3.21,2.14,0.13,4.74,2.55
th,72.95,0.18,13.48,2.60,0.88,0.13,4.79,3.93
th,74.13,0.36,11.78,3.42,1.92,0.14,4.96,2.92
th,71.62,0.26,14.47,2.28,0.88,0.15,5.37,4.52
th,74.46,0.37,12.09,3.72,1.95,0.15,4.2,2.86
th,68.9,0.36,13.30,4.27,1.28,0.16,5.16,3.24
th,73.72,0.21,13.53,2.19,0.85,0.16,4.89,4.13
th,65.51,0.26,17.70,2.88,0.70,0.17,5.6,6.05
th,74.7,0.39,12.04,3.94,2.07,0.18,3.69,2.62
th,69.67,0.29,13.25,3.71,1.16,0.19,4.85,2.92
th,71.46,0.27,12.74,2.51,1.61,0.19,4.06,1.84
th,71.16,0.29,14.72,2.65,1.06,0.21,5.33,4.5
th,74.31,0.37,12.25,2.85,1.79,0.21,4.29,2.48
th,74.66,0.30,11.70,2.60,1.56,0.22,4.34,2.55
th,73.9,0.14,13.91,1.95,0.86,0.23,4.72,4.1
th,75.2,0.30,12.30,2.53,1.67,0.24,4.61,2.51
th,75.88,0.33,12.75,2.67,1.59,0.24,3.9,2.22
th,68.87966,0.32,14.18,3.91,2.46,0.25,4.82139,2.3509
th,72.22,0.46,12.12,4.62,2.10,0.25,5.07,2.72
th,74.72,0.29,12.35,2.59,1.62,0.25,4.35,2.54
th,74.72,0.29,12.35,2.59,1.62,0.25,4.35,2.54
th,68.41431,0.31,14.24,4.10,2.55,0.25,4.84358,2.30544
th,68.70673,0.33,14.30,4.09,2.55,0.26,4.84817,2.31411
th,73.79,0.30,12.79,2.60,1.61,0.28,4.31,2.56
th,70.31,0.32,14.46,3.08,1.10,0.29,5.56,4.23
th,72.31,0.30,14.10,2.55,1.13,0.29,4.81,4.11
th,69.6,0.29,13.90,3.01,0.97,0.30,5.57,4.25
th,72.75,0.31,13.77,2.49,1.16,0.30,4.71,4.11
th,68.31258,0.35,14.47,4.25,2.63,0.30,4.80614,2.29281
th,64.09,0.55,14.31,7.51,3.67,0.33,4.78,1.91
th,69.3,0.29,13.80,3.03,1.05,0.34,5.69,4.2
th,67.09,0.62,12.72,7.14,2.89,0.35,4.06,2.1
th,73.23,0.48,12.57,3.75,2.68,0.36,3.54,3.05
th,62.87,0.70,14.30,8.96,4.18,0.57,4.58,1.74
th,65.66,0.62,14.44,6.38,3.33,0.57,4.51,2.2
th,72.58,0.61,12.34,4.64,2.74,0.60,3.64,2.51
th,65.8,0.71,13.70,5.82,1.71,0.63,4.63,2.9
th,69.1,0.67,11.53,7.68,2.44,0.64,3.39,3.13
th,64.47,0.71,14.41,5.76,3.52,0.66,4.07,2.14
th,68.64,0.70,11.27,8.17,2.91,0.67,3.01,3.16
th,66.96,0.73,12.42,8.42,2.43,0.68,3.42,3.33
th,62.39,0.83,14.24,7.98,3.92,0.70,4.64,2.7
th,64.6,0.75,15.90,4.95,2.30,0.70,5.1,3.93
th,73.24,0.42,13.25,4.01,2.70,0.71,2.61,2.7
th,68.56,0.74,12.69,4.56,2.34,0.73,3.75,3.26
th,62.83,0.72,16.10,5.16,2.50,0.80,5.89,4
th,63.7,0.79,13.50,7.83,3.70,0.80,4.35,2.43
th,62.71,0.69,15.01,7.81,4.07,0.85,4.66,1.75
th,63.55,0.70,14.92,7.81,4.13,0.91,4.88,1.75
th,61.15,0.92,15.66,8.03,3.45,0.93,5.31,3.23
th,61.61,0.79,14.16,9.40,4.37,0.98,4.71,1.66
th,62.49,0.76,15.24,8.30,4.36,0.98,4.69,1.74
th,71.05,0.88,12.87,4.57,3.25,1.04,3.65,2.19
th,59.27,1.12,13.68,9.90,4.76,1.07,4.51,2
th,66.45,1.00,13.09,5.15,3.80,1.09,4.29,1.54
th,67.35,1.09,12.98,5.03,3.00,1.18,3.36,3.19
th,61.39,1.00,15.02,9.07,4.63,1.25,4.6,1.71
th,57.5,1.43,12.59,13.28,5.82,1.26,3.22,1.84
th,64.62,1.13,13.63,5.23,3.07,1.29,4.37,2.4
th,64.25,0.87,15.09,7.72,4.88,1.35,4.14,1.34
th,65.0603625120868,0.85,15.35,5.88,4.75,1.36,4.23965756907729,1.34662073588977
th,64.9653888132615,0.85,15.25,5.89,4.74,1.37,4.19993170702613,1.35346636405825
th,64.74,0.93,15.74,6.24,4.86,1.37,4.31,0.36
th,63.9053199280119,0.86,15.21,5.94,4.72,1.37,4.18000685557925,1.30358188602804
th,63.42,1.43,14.60,6.86,4.00,1.38,4.78,1.93
th,64.618202029483,0.85,15.20,5.89,4.75,1.38,4.21972850012249,1.33820554605111
th,64.854931257204,0.86,15.28,5.92,4.76,1.39,4.20490419082758,1.32608562424681
th,64.89,0.95,15.32,6.38,4.66,1.39,4.63,1.34
th,64.6875611650342,0.85,15.29,5.91,4.76,1.39,4.18999426507434,1.33286444787217
th,64.6162549993794,0.86,15.27,5.94,4.76,1.40,4.17148577645497,1.34374756413702
th,64.7377628876746,0.86,15.29,5.99,4.79,1.41,4.22866867528434,1.31771545122175
th,65.0079286406723,0.86,15.29,5.97,4.78,1.41,4.19280549617355,1.35505889876334
th,61.55,0.98,15.36,8.34,4.58,1.42,4.74,1.72
th,67.8,0.46,15.00,3.20,4.00,1.42,3.86,1.73
th,63.9387761171021,0.87,15.14,6.02,4.75,1.43,4.11671463448297,1.29600275530019
th,64.82862537284,0.88,15.28,6.06,4.85,1.45,4.22145466823158,1.31982950309467
th,64.4078486939945,0.88,15.26,6.08,4.72,1.45,4.1650587707962,1.30785429309659
th,64.542425305438,0.87,15.22,6.06,4.82,1.45,4.17813853680142,1.30734981165835
th,65.041,0.88,15.29,6.10,4.84,1.45,4.218,1.319
th,64.8246519688569,0.88,15.23,6.07,4.80,1.45,4.16832352789727,1.31075597675336
th,64.5440808592898,0.88,15.22,6.09,4.83,1.45,4.19105753076868,1.30029479422373
th,64.7737872878225,0.88,15.35,6.10,4.81,1.47,4.19614660824984,1.30259527412495
th,58.99,1.30,15.20,9.82,5.42,1.50,4.41,1.54
th,67.49,0.75,13.30,6.02,4.40,1.52,3.7,2.05
th,59.64143,1.16,15.22,9.24,5.07,1.57,4.55167,1.65755
th,65.34,1.19,13.08,6.41,3.41,1.67,3.47,2.81
th,66.85,0.83,13.24,6.11,4.85,1.68,3.86,1.98
th,59.8,1.16,16.64,7.06,4.18,1.71,5.49,2.65
th,60.59,1.25,15.07,7.81,4.94,1.73,4.29,1.59
th,59.7,1.17,15.20,8.94,5.06,1.77,4.52,1.6
th,58.78,1.32,15.08,9.71,5.39,1.82,4.46,1.53
th,57.82,1.27,14.69,10.26,5.18,1.88,4.07,1.39
th,62.89,1.48,13.10,7.55,4.05,1.88,3.4,2.61
th,64.18,1.27,13.11,6.84,3.36,1.88,3.58,2.6
th,67.91,0.92,12.43,5.34,3.53,1.99,3.74,3.32
th,55.75,1.91,15.13,11.34,6.67,2.00,4.16,1.34
th,56.86,1.72,15.70,8.89,5.50,2.02,4.3,2.57
th,56.99,1.50,14.58,10.69,5.68,2.05,3.84,1.31
th,63.71,1.60,13.08,6.87,4.33,2.07,2.75,2.47
th,58.1,1.46,15.09,9.88,5.70,2.08,4.22,1.46
th,62.69,0.72,15.37,6.34,4.29,2.10,4.8,2.96
th,57.26,1.53,14.96,10.44,5.85,2.13,4.29,1.41
th,63.57,0.98,15.21,5.40,4.55,2.13,4.28,3.02
th,57.89,1.49,15.04,9.94,5.77,2.14,4.24,1.44
th,58.08544,1.47,15.31,9.92,5.76,2.16,4.21741,1.46868
th,57.6692,1.48,15.20,9.95,5.77,2.17,4.21093,1.47482
th,60.11,1.41,15.76,8.41,5.55,2.22,3.15,2.18
th,55.55,1.92,15.06,11.17,6.51,2.25,3.98,1.3
th,57,1.60,14.98,10.42,5.95,2.28,4.16,1.41
th,56.15,1.70,14.73,11.36,6.09,2.30,3.96,1.27
th,56.52,1.64,14.88,10.70,6.06,2.35,4.23,1.36
th,56.21,1.73,14.62,9.83,5.83,2.38,3.47,1.72
th,56.37,1.67,14.92,10.73,6.10,2.38,4.16,1.38
th,62.7,1.27,13.50,7.09,5.50,2.40,4.16,1.99
th,59.93,1.27,15.83,8.48,6.55,2.45,3.93,0.98
th,57.8,2.10,13.93,10.19,5.78,2.52,3.66,1.65
th,55.7,1.78,14.81,11.09,6.31,2.54,4.06,1.31
th,59.82,1.93,13.20,9.45,5.22,2.54,3.17,2.14
th,55.64284,1.77,15.14,11.30,6.34,2.58,4.11898,1.34519
th,53.4,2.26,12.39,14.76,7.34,2.62,3.34,0.98
th,55.48,1.92,14.58,11.31,6.50,2.63,4.02,1.3
th,55.37,1.91,14.63,11.21,6.53,2.64,4,1.28
th,58.03,2.36,13.10,11.45,6.62,2.64,3.48,1.13
th,54.58904,1.90,14.80,11.35,6.58,2.68,4.03784,1.33122
th,52.15,2.58,13.46,13.31,7.65,2.69,2.6,1.03
th,55.42,1.94,15.17,11.41,6.64,2.71,4.07,1.27
th,55.07,1.99,14.53,11.36,6.57,2.72,3.97,1.25
th,54.35,1.96,14.50,11.99,6.68,2.73,4.2,1.26
th,54.93,1.96,14.54,11.39,6.58,2.73,4.05,1.27
th,54.80804,1.96,14.90,11.44,6.67,2.74,4.01675,1.28149
th,54.83,1.99,14.52,11.42,6.65,2.75,4.03,1.26
th,56.13,1.75,14.54,11.12,6.29,2.75,4.27,1.31
th,54.83,1.99,14.54,11.41,6.65,2.76,4.02,1.26
th,54.9,1.89,14.61,11.05,6.56,2.76,4.17,1.28
th,54.72,2.00,14.50,11.52,6.64,2.77,4.03,1.26
th,57.06,2.15,14.08,10.79,6.32,2.78,3.68,1.31
th,54.5,1.90,15.80,11.02,6.40,2.80,3.9,1.4
th,54.57,2.03,14.49,11.60,6.66,2.80,4,1.26
th,54.65,2.03,14.12,11.90,6.50,2.80,3.77,1.19
th,57.69,2.35,13.09,11.62,6.77,2.82,3.49,1.12
th,53.2,2.51,12.40,14.76,7.32,2.84,3.47,0.85
th,54.75,2.10,14.36,11.63,6.87,2.86,3.95,1.23
th,53.92228,2.01,14.76,11.71,6.74,2.86,3.8839,1.24812
th,54.56517,2.06,14.75,11.74,6.80,2.86,3.94059,1.26461
th,54.33,2.11,14.35,11.69,6.78,2.88,3.95,1.24
th,54.21,2.07,14.49,11.73,6.79,2.89,3.93,1.23
th,54.23,2.07,14.49,11.72,6.79,2.89,3.92,1.21
th,54.43,2.21,14.35,11.66,6.98,2.89,3.9,1.19
th,54.3,2.11,14.47,11.65,6.80,2.91,3.85,1.2
th,55.87,2.40,13.56,11.08,6.47,2.91,3.69,1.29
th,54.051,2.04,14.96,11.85,6.83,2.92,3.967,1.252
th,53.1,2.51,12.50,14.67,7.37,2.93,3.4,0.79
th,54.1,2.09,14.49,11.74,6.84,2.93,3.88,1.22
th,54.16,2.13,14.43,11.94,6.86,2.94,3.89,1.22
th,54.03,2.13,14.46,11.74,6.86,2.95,3.89,1.21
th,54.06,2.09,14.46,11.74,6.83,2.95,3.97,1.21
th,53.70819,2.12,14.80,11.93,6.98,2.97,3.95097,1.23478
th,53.3,2.37,11.90,14.85,7.41,2.97,3.26,0.81
th,54.8,1.88,14.66,12.00,6.53,2.97,4.2,1.31
th,53.89713,2.12,14.83,11.89,6.92,2.98,3.91788,1.22706
th,53.88,2.15,14.47,11.83,6.89,2.98,3.89,1.2
th,54.51,2.17,14.40,11.87,6.73,3.00,3.89,1.23
th,56.72,1.69,14.25,10.80,6.39,3.00,3.47,1.21
th,53.7,2.18,14.40,11.90,6.91,3.01,3.87,1.2
th,53.79,2.21,14.37,12.16,7.11,3.01,3.93,1.19
th,54.36,2.05,14.64,12.08,6.89,3.03,4.15,1.23
th,53.8,2.19,14.43,11.95,6.96,3.04,3.85,1.19
th,53.53,2.20,14.36,11.96,6.97,3.08,3.92,1.19
th,62.25,0.93,13.88,7.37,6.87,3.08,3.43,1.59
th,55.32,2.66,13.67,12.56,6.91,3.25,3.46,1.06
th,50.88,2.92,13.23,14.33,7.64,3.27,3.83,1.11
th,52.68,3.13,12.83,13.14,7.43,3.36,3.53,1.06
th,57.49,1.72,14.19,8.48,6.44,3.56,4.42,2.26
th,54.11,2.65,12.64,12.81,7.35,3.61,3.42,1.17
th,53.37,2.93,13.20,13.01,7.78,3.63,3.35,0.93
th,59.61,0.87,14.15,5.99,6.71,3.67,3.65,2.33
th,52.4,2.53,12.90,14.31,8.06,3.69,3.2,0.76
th,50.75,3.15,13.27,14.06,7.87,3.70,3.31,1.07
th,51.96,2.86,12.60,13.88,7.91,3.86,2.66,1.059
th,62.62,0.61,14.33,4.86,4.43,3.86,4.24,3.02
th,61.94,0.91,14.11,6.49,6.73,3.88,3.01,1.7
th,49.2,3.16,16.19,11.30,9.55,3.91,3.66,0.86
th,49.96,3.88,13.34,13.85,7.76,3.94,3.45,1.22
th,51,2.62,13.18,13.36,8.06,3.97,2.57,0.73
th,50.34,3.29,13.37,13.47,8.53,3.98,3.15,0.85
th,51.54,2.21,13.14,12.99,8.61,3.98,2.74,0.76
th,51.11,2.85,13.07,12.81,8.84,4.02,0.4,2.89
th,51.42,2.99,12.56,14.41,7.82,4.11,2.96,0.611
th,52.06,2.43,14.76,11.12,8.52,4.13,4.03,1.02
th,52.48,2.20,13.77,11.36,6.96,4.13,3.55,1.125
th,48.2,2.52,18.13,11.62,11.03,4.3,2.97,0.65
th,49.86,2.88,14.82,13.98,9.43,4.32,3.19,0.12
th,51.84,2.36,14.13,12.31,7.90,4.33,3.05,1.17
th,48.51,3.89,13.7,14.027882,9.21,4.42,3.19,0.86
th,50.49,2.93,14.55,11.91,9.03,4.42,3.84,1.09
th,47.82,3.06,15.59,16.11,6.88,4.43,3.55,1.02
th,50.17,3.81,12.77,14.85,8.97,4.47,3.03,0.58
th,51.7,2.98,14.53,11.38,8.20,4.48,3.98,1.32
th,57.7,1.78,14.36,10.69,6.56,4.54,2.27,0.62
th,47.35,4.33,13.41,14.693734,9.14,4.56,3.18,0.77
th,48.96,3.37,12.72,14.17,9.83,4.56,3.29,0.57
th,50.29,3.60,13.05,14.22,8.26,4.57,3.38,1.03
th,48.89,3.12,13.71,15.20,9.87,4.60,2.75,0.32
th,49.01,3.56,13.56,15.25,9.26,4.61,2.78,0.34
th,49.97,3.29,13.15,15.01,9.52,4.65,2.67,0.43
th,55.66,2.04,13.92,9.79,7.73,4.70,3.25,1.48
th,50.15,2.80,12.64,29.01,9.06,4.71,2.93,0.53
th,50.03,2.77,12.63,28.89,9.12,4.73,2.91,0.52
th,50.15,2.78,12.64,29.35,9.11,4.75,2.95,0.52
th,50.91,2.73,14.97,12.77,8.69,4.75,3.4,1.1
th,50,2.78,13.21,16.05,9.54,4.78,2.46,0.53
th,50.31,3.53,13.24,14.05,9.34,4.78,2.86,0.65
th,50.42,2.59,14.16,14.17,10.40,4.79,2.62,0.51
th,50.43,2.76,12.74,28.96,9.25,4.80,2.88,0.52
th,50.1,2.83,13.03,15.73,9.45,4.81,2.49,0.52
th,50.2,2.82,13.02,15.71,9.45,4.82,2.46,0.52
th,52.21,2.23,12.80,14.31,8.90,4.84,3,0.64
th,49.84,2.99,13.37,14.66,9.35,4.91,2.99,0.59
th,52.58,2.47,14.31,10.22,8.60,4.93,3.75,1.47
th,48.92,3.71,13.14,15.23,9.13,4.95,2.81,0.76
th,47.16,4.46,13.1,14.972672,9.61,4.96,2.86,0.76
th,51.3,2.50,13.16,13.71,9.00,4.96,2.92,0.62
th,53.85,1.87,12.96,15.02,7.38,5.01,2.39,0.62
th,51.43,2.83,13.45,13.59,9.44,5.03,2.8,0.61
th,50.5,3.33,12.97,13.94,9.87,5.05,2.83,0.66
th,48.64,2.65,13.37,12.938098,11.12,5.07,3.04,0.41
th,49.22,3.58,13.22,14.50,9.50,5.10,3.04,0.47
th,49.82,3.80,13.34,14.29,8.92,5.12,2.63,0.62
th,54.3,4.63,14.60,11.75,9.24,5.13,3.97,0.65
th,48.43,3.53,13.34,13.96407,9.67,5.18,2.76,0.68
th,52.22,2.24,12.98,13.96,9.29,5.20,2.57,0.58
th,59.51,0.96,15.33,6.44,6.45,5.20,3.46,2.27
th,52.68,1.68,14.26,12.31,9.12,5.21,3.2,0.42
th,46.844,3.71,13.533,15.3,9.261,5.212,3.163,0.763
th,50.38,2.94,14.36,13.01,9.12,5.23,2.92,0.88
th,49,3.16,13.94,14.76,8.99,5.26,2.95,0.45
th,50.07,2.67,14.04,13.59,9.87,5.27,2.73,0.46
th,48.91,3.56,13.52,14.85,9.06,5.28,2.84,0.56
th,50.11,3.31,12.87,13.89,9.36,5.37,2.62,0.615
th,48.17,3.35,13.62,14.338278,10.09,5.43,2.83,0.65
th,46.77,3.23,14.96,15.22,8.44,5.49,3.47,0.91
th,48.99,2.86,14.45,13.34,10.78,5.49,2.55,0.26
th,49.37,2.75,14.60,13.43,9.93,5.50,2.68,0.39
th,46.38,4.28,13.48,15.43157,10.46,5.53,2.73,0.55
th,50.03,2.77,13.84,13.49,10.35,5.55,2.53,0.28
th,49.97,2.52,14.51,10.73,10.32,5.56,3.21,1.13
th,52.04,2.27,13.14,14.14,9.78,5.71,2.3,0.5
th,46.021,3.46,13.895,15.37,9.991,5.75,2.946,0.322
th,48.13,1.67,16.38,11.50413,12.42,5.79,2.33,0.21
th,49.79,2.09,13.07,28.04,10.27,5.82,2.51,0.32
th,48.8,2.78,13.40,13.50,11.10,5.87,2.76,0.4
th,55.54,1.26,15.22,8.49,8.58,5.87,2.63,0.95
th,49.37,2.02,13.20,27.49,10.24,5.88,2.5,0.32
th,49.39,1.63,15.63,12.11,11.43,5.88,2.24,0.139
th,49.21,1.59,16.02,11.79,11.59,5.89,2.21,0.221
th,49.34,2.83,13.03,13.83,10.54,5.90,2.45,0.45
th,48.8,2.65,13.40,13.80,11.30,5.92,2.57,0.38
th,51.5503435942648,1.36,14.98,11.89,9.91,5.93,2.69036995530478,0.37198687722824
th,49.78,2.02,13.22,27.71,10.22,5.94,2.47,0.32
th,48.45,2.29,16.3,10.86,12.04,6,2.7,0.33
th,47.87,1.74,16.87,11.497576,12.23,6.01,2.4,0.2
th,48.58,2.74,12.95,13.64,10.48,6.03,2.4,0.42
th,48.6,2.92,12.86,14.48,10.59,6.04,2.4,0.42
th,51.255,1.28,14.83,11.18,10.24,6.04,2.613,0.383
th,49.21,2.87,12.84,14.19,10.51,6.05,2.41,0.44
th,49.13,1.66,15.45,12.34,11.29,6.06,2.28,0.234
th,49.16,2.80,13.06,13.93,10.55,6.07,2.42,0.43
th,47.02,1.84,17.89,9.880382,13.88,6.08,1.92,0.19
th,49.37,1.99,14.81,12.87,10.78,6.10,2.56,0.266
th,49.33,2.10,13.64,12.81,10.74,6.11,2.86,0.297
th,49.34,2.95,13.97,13.50,9.93,6.12,3.19,0.13
th,52.7,1.18,15.00,9.83,11.61,6.12,2.48,0.54
th,48.57,2.88,12.89,14.41,10.61,6.13,2.4,0.41
th,49.32,2.70,13.31,13.64,10.69,6.13,2.43,0.42
th,49.29,2.65,13.19,13.55,10.73,6.14,2.43,0.42
th,49.36,2.71,13.16,13.64,10.70,6.14,2.43,0.42
th,49.15,2.74,13.14,13.79,10.63,6.15,2.41,0.42
th,49.23,2.69,13.21,13.62,10.71,6.20,2.45,0.43
th,49.17,2.71,13.21,13.69,10.80,6.21,2.41,0.42
th,49.32,1.83,13.86,14.13,10.23,6.21,2.17,0.279
th,49.29,2.72,12.99,13.90,10.54,6.27,2.44,0.44
th,48.9,2.31,13.80,12.20,11.80,6.29,2.78,0.36
th,48.41,1.48,17.26,9.39,12.6,6.42,2.53,0.3
th,48.74,2.06,14.45,11.737156,11.13,6.47,2.35,0.19
th,48.06,2.06,16.39,10.43,12.16,6.49,2.51,0.3
th,47.86,1.60,17.06,10.938138,12.76,6.51,2.22,0.13
th,46.99,1.84,15.29,12.59,11.02,6.65,2.46,0.41
th,48.8,2.17,14.30,11.20,11.70,6.68,2.48,0.49
th,48.8,2.43,13.50,12.80,12.20,6.71,2.54,0.27
th,50.71,1.53,14.33,11.19,12.34,6.72,2.29,0.15
th,47.1,2.49,13.7,12.7,12.2,6.79,2.43,0.3
th,48.52,1.87,14.52,11.27,12.31,6.8,2.44,0.37
th,49.76,1.74,13.83,12.88,11.70,6.85,2.22,0.24
th,48.44,1.61,16.09,10.52,12.18,6.89,2.41,0.31
th,49.27,1.30,15.82,10.00,12.51,6.89,2.47,0.138
th,47.67,2.05,16.81,10.59,11.68,6.9,2.73,0.32
th,48.1,1.93,16.3,10.25,12.21,6.9,2.58,0.28
th,48.39,2.04,16.16,10.64,12.1,7.01,2.47,0.29
th,48.9,2.04,13.90,11.60,12.50,7.04,2.49,0.24
th,48.4,2.06,14.75,12.061204,11.72,7.13,2.26,0.11
th,48.19,0.46,18.73,7.703388,14.35,7.18,1.89,0.07
th,48.08,1.38,17.31,9.38,12.57,7.21,2.29,0.27
th,48.5,1.98,14.63,12,11.8,7.21,2.46,0.31
th,49.36,0.89,16.20,10.52,12.37,7.24,1.9,0.15
th,48.9,1.69,14.80,10.50,12.80,7.25,2.24,0.4
th,47.67,1.51,18.07,9.06,12.31,7.29,2.38,0.24
th,49.21,1.80,13.99,11.58,10.32,7.29,1.97,0.285
th,48.1,1.86,14.76,11.9,12.08,7.3,2.33,0.22
th,45.82,2.34,15.47,12.91,10.79,7.31,2.17,0.16
th,49.34,1.08,15.05,10.87,12.26,7.31,2.21,0.21
th,49.68,1.61,14.65,11.59,12.34,7.33,2.23,0.33
th,48.5,1.38,16.9,9.05,12.7,7.4,2.37,0.29
th,49,1.30,14.10,11.30,13.50,7.41,2.33,0.11
th,48.8,1.90,14.00,12.00,12.50,7.42,2.34,0.15
th,47.97,1.56,14.87,11.34461,12.48,7.51,2.38,0.22
th,48.13,1.50,15.77,10.46,12.46,7.51,2.33,0.18
th,49.2,1.06,16.06,10.45,12.55,7.52,2.22,0.109
th,47.4,2.01,15.2,11.6,12.7,7.55,2.51,0.31
th,49.22,1.49,15.02,11.13,12.61,7.55,2.14,0.146
th,47.4,2.07,15.7,11.5,12.2,7.59,2.41,0.33
th,48.91,1.53,15.10,11.36,12.08,7.59,2.17,0.2
th,48.91,1.53,15.10,11.36,12.08,7.59,2.17,0.2
th,49.08,1.63,14.72,12.08,11.58,7.60,2.18,0.223
th,49.13,1.51,14.78,11.26,12.56,7.65,2.1,0.16
th,48.35,1.37,16.58,9.61,12.42,7.67,2.36,0.27
th,49.31,1.52,14.06,11.76,12.50,7.68,2.07,0.17
th,48.9086327016456,1.00,14.71,10.96,12.08,7.69,1.88732650705607,0.154862683215294
th,48.9,1.38,14.20,11.20,13.30,7.70,2.26,0.12
th,49.86,1.57,14.72,11.54,12.37,7.79,2.17,0.21
th,48.8715083790067,1.06,14.68,11.22,12.15,7.79,1.82125491674855,0.148183467662883
th,46.78,0.90,13.01,8.92,9.85,7.8,2.88,0.47
th,49.56,1.55,14.75,11.50,12.35,7.81,2.18,0.24
th,49.65,1.55,14.67,11.33,12.52,7.83,2.16,0.26
th,49.68,1.53,15.05,11.23,12.46,7.85,2.19,0.36
th,51.52,2.46,15.86,10.56,7.59,7.85,4.66,1.31
th,48.9003324660136,1.08,14.92,11.41,12.15,7.85,1.72236853159198,0.123453004576535
th,48.48,1.52,14.76,10.82,12.76,7.89,2.21,0.19
th,48.9264926367351,1.01,14.83,11.07,12.20,7.92,1.83356269529803,0.132247200908155
th,49.69,1.55,14.77,11.28,12.60,7.96,2.14,0.27
th,47.8199844640817,0.93,14.6952950299013,10.77,12.50,7.97,1.71362084416477,0.098632827658321
th,48.79,1.14,15.86,10.116836,12.94,7.98,2.2,0.2
th,48.51,1.75,15.09,12.36,11.77,8.01,2.25,0.25
th,47.22,1.78,15.27,11.52,11.67,8.03,2.13,0.16
th,48.1,1.63,16.31,11.53,11.73,8.04,2.18,0.16
th,48.42,1.50,15.04,10.83,12.63,8.07,2.31,0.18
th,49.0663367569586,1.03,14.83,11.56,12.32,8.08,1.92153227795594,0.113444695615999
th,48.2,1.71,15.72,11.93,11.65,8.08,2.17,0.17
th,48.8509504668312,1.01,14.88,11.28,12.47,8.11,1.71898927533696,0.113196846219742
th,48.18,1.41,15.23,10.52,11.97,8.14,1.89,0.16
th,48.04,1.75,15.32,12.21,11.79,8.15,2.2,0.17
th,47.99,1.56,16.67,11.45,11.68,8.18,2.21,0.13
th,48.04,1.49,14.97,10.84,12.97,8.22,2.15,0.19
th,49.66,1.59,14.98,11.55,11.24,8.22,2.35,0.18
th,49.87,1.56,14.58,11.45,12.79,8.22,2.05,0.3
th,47.98,1.74,15.39,12.14,11.76,8.25,2.2,0.18
th,49.4,1.55,14.64,11.37,12.96,8.27,2.06,0.26
th,48.4859200483264,0.99,14.86,11.06,12.56,8.30,1.72989011288343,0.102993457587857
th,49.23,0.92,13.92,9.65,14.61,8.32,1.81,0.054
th,49.34,0.96,14.71,9.09,14.16,8.37,1.92,0.046
th,48.34,1.66,15.44,12,11.85,8.39,2.2,0.2
th,48.56,1.53,14.69,11.425512,11.73,8.4,2.14,0.22
th,47.99,1.64,16.16,11.36,11.83,8.44,2.12,0.15
th,47.71,1.72,14.76,11.62,11.54,8.45,2.25,0.27
th,48.75,0.50,15.78,8.89,13.64,8.46,1.8,0.26
th,48.77,1.34,15.99,10.328598,13.47,8.46,2.2,0.11
th,48.83,0.70,16.14,9.34,13.93,8.46,1.95,0.07
th,49,1.00,14.90,9.46,14.30,8.46,2.1,0.06
th,47.27,1.61,15.72,11.085652,12.5,8.54,2.2,0.13
th,47.86,1.73,15.68,10.920482,11.75,8.69,2.27,0.22
th,47.86,1.73,15.68,10.920482,11.75,8.69,2.27,0.22
th,47.8297092780375,0.90,15.5580075738982,10.11,12.76,8.75,1.7375081014895,0.100451241127899
th,49.38,1.48,14.69,11.18,12.74,8.77,2.06,0.31
th,48.43,1.68,14.44,11.8,11.16,8.78,2.33,0.3
th,48.1,1.63,15.04,11.52,11.01,8.84,2.51,0.36
th,47.83,1.77,14.89,11.56469,11.37,8.85,2.02,0.18
th,47.62,2.18,15.38,11.85,10.7,8.9,2.39,0.52
th,48.98,1.42,15.11,10.44,11.78,8.93,2.44,0.33
th,49.21,0.84,14.70,10.24,13.49,8.95,1.74,0.059
th,46.86,1.67,14.89,12.202486,11.78,8.98,2.07,0.12
th,46.88,2.44,14.92,12.9,10.41,9.17,2.28,0.47
th,49.14,0.96,15.33,9.96,13.43,9.19,1.77,0.061
th,47.16,1.31,16.05,10.832546,12.34,9.23,2.03,0.12
th,47.16,1.31,16.05,10.832546,12.34,9.23,2.03,0.12
th,48.26,1.50,15.24,11.12,11.6,9.25,2.04,0.18
th,48.25,1.57,15.51,11.44,11.93,9.27,2.1,0.2
th,47.29,1.52,15.99,10.587576,12.08,9.28,2.03,0.09
th,47.3,1.75,15.43,11.23,11.84,9.31,2.02,0.2
th,47.39,0.97,16.09,10.038538,13.28,9.33,1.77,0.06
th,46.23,2.39,15.08,10.046036,11.62,9.39,2.22,0.7
th,47.63,1.46,15.62,10.518698,12.39,9.39,2.07,0.1
th,47.68,1.74,14.42,11.52,11.01,9.47,2.28,0.33
th,48.04,1.57,14.57,10.73,11.43,9.55,2.19,0.33
th,48.77,1.56,15.34,10.656574,12,9.56,2.21,0.24
th,47.91,1.03,15.86,9.38461,13.36,9.58,1.96,0.1
th,47.48,1.06,14.8,9.73,11.08,9.61,1.54,0.17
th,47.11,1.40,14.88,10.54,10.12,9.62,1.75,0.24
th,47.24,0.91,15.89,9.79453,13.21,9.65,1.81,0.03
th,49.34,1.23,15.29,10.97,11.50,9.67,2.03,0.201
th,46.92,1.90,14.99,11.841564,11.32,9.68,2.15,0.21
th,47.02,2.01,14.15,12.578518,10.51,9.72,2.16,0.28
th,47.36,1.42,15.07,11.378578,11.94,9.73,2.02,0.13
th,47.36,1.42,15.07,11.378578,11.94,9.73,2.02,0.13
th,45.69,2.34,14.86,9.919062,11.86,9.74,2.2,0.71
th,47.59,1.31,15.19,10.64,11.6,9.74,2.07,0.1
th,46.8,1.92,14.48,12.122506,11.19,9.81,2.07,0.29
th,49.26,0.58,16.65,8.67,13.37,9.81,1.79,0.04
th,47.91,1.07,15.95,9.897736,12.51,9.86,1.97,0.11
th,47.38,2.02,14.39,11.493628,11.38,9.9,2.1,0.29
th,46.04,2.45,14.54,9.937058,11.43,9.95,2.32,0.88
th,45.63,2.58,14.06,10.528942,11.33,9.97,2.3,0.76
th,47.66,1.21,15.45,10.347696,12.22,9.97,1.98,0.1
th,47.66,1.21,15.45,10.347696,12.22,9.97,1.98,0.1
th,46.9,1.35,15.61,10.4496,11.91,10.2,2.06,0.11
th,48.17,0.66,15.92,9.12,13.14,10.2,1.72,0.07
th,49.2,0.72,15.18,9.45,12.62,10.31,1.41,0.08
th,46.87,1.37,15.78,11.151624,11.37,10.42,2.06,0.11
th,46.87,1.37,15.78,11.151624,11.37,10.42,2.06,0.11
th,46.82,1.29,15.57,11.093588,11.81,10.48,1.86,0.13
th,46.16,1.74,14.55,10.38297,11.62,10.55,2.34,0.21
th,47.04,1.36,14.75,11.118518,11.22,10.97,2.09,0.14
th,46.87,1.45,15.17,10.986454,11.57,11.03,2.07,0.12
th,48.15,0.71,14.54,9.26,12.88,11.04,1.66,0.05
th,47.27,0.95,15.53,9.690622,12.31,11.28,1.76,0.1
th,47.06,1.60,13.78,11.33,10.74,11.6,2.13,0.29
th,47.98,0.67,14.65,9.3,12.56,11.76,1.49,0.05
th,48.15,0.78,14.44,9.74,12.39,11.78,1.75,0.06
th,48,0.73,14.19,9.38,12.7,11.86,1.63,0.05
th,48.16,0.71,14.17,9.44,12.47,12.34,1.59,0.06
th,48.04,0.65,13.91,9.14,12.62,12.85,1.52,0.05
th,48.12,0.67,13.89,9.12,12.66,12.93,1.61,0.05
th,47.93,0.64,13.72,9.19,12.42,13.07,1.44,0.04
th,48.14,0.66,13.83,9.32,12.37,13.21,1.52,0.05
ca,74.26,0.13,13.59,2.13,0.22,0.08,4.71,4.83
ca,75.55,0.15,13.94,1.25,1.74,0.35,4.88,2.1
ca,75.79,0.16,13.78,1.19,1.73,0.31,4.77,2.2
ca,73.6,0.16,13.2,1.63,1.66,0.45,3.28,3.24
ca,74.75,0.18,14.29,1.42,2,0.42,4.91,1.98
ca,75.56,0.19,14.12,1.03,1.07,0.28,4.3,3.2
ca,72.5,0.19,13.3,1.79,1.99,0.53,3.13,3.11
ca,75.45,0.2,13.88,1.36,1.77,0.35,4.96,2.01
ca,74.79,0.21,13.87,1.65,1.69,0.3,5.17,2.29
ca,72.32,0.21,14.82,1.20,1.83,0.49,3.09,3.18
ca,74.01,0.23,13.9,1.55,1.64,0.57,4.12,3.21
ca,73,0.24,13.3,1.22,0.96,0.23,3.48,4.81
ca,73.07,0.25,14.3,1.78,1.79,0.7,4.39,3.08
ca,77.16,0.27,10.51,1.13,0.84,0.15,3.33,3.05
ca,75.3,0.27,12.6,1.28,0.94,0.24,4.63,3.41
ca,74.7,0.27,12.9,1.42,0.91,0.25,4.8,3.3
ca,75.2,0.27,12.9,1.31,0.98,0.27,4.58,3.38
ca,73.49,0.28,13.91,1.95,1.96,0.87,3.98,3.35
ca,71.53,0.29,14.59,2.34,2.83,1.18,3.82,2.53
ca,54.09,0.3,11.71,13.17,9.79,6.96,2.97,0.28
ca,78.67,0.32,11.05,1.38,0.63,0.08,3.34,3.01
ca,74.32,0.32,13.73,1.82,1.97,0.44,5.08,2.27
ca,72.7,0.33,13.4,1.53,1.17,0.32,4.65,3.11
ca,69.73,0.33,15.66,2.60,2.9,0.87,4.82,2.11
ca,70.82,0.33,15.42,2.19,2.69,1,4.43,2.86
ca,69.61,0.34,15.52,2.64,3.37,1.28,4.32,2.61
ca,74.28,0.35,11.78,1.80,0.95,0.29,3.9,2.82
ca,71.9,0.35,12.7,1.90,1.23,0.35,4.34,2.63
ca,72.4,0.35,13.6,1.84,1.27,0.38,5.15,3.07
ca,74.76,0.35,11.52,2.24,0.89,0.49,3.84,2.96
ca,72.77,0.35,14.24,2.51,2.4,0.56,4.69,2.43
ca,73.47,0.35,13.99,1.99,2.03,0.88,3.64,3.43
ca,69.08,0.35,15.91,3.67,3.22,0.99,4.86,1.76
ca,69.81,0.35,15.6,2.53,3.31,1.19,4.29,2.64
ca,70.23,0.35,15.56,2.43,2.91,1.2,4.32,2.74
ca,69.95,0.35,15.41,2.56,3.29,1.22,4.28,2.64
ca,69.97,0.35,15.47,2.43,3.12,1.35,4.23,2.82
ca,69.2,0.35,14.8,2.94,3.09,1.49,3.58,3
ca,77.79,0.36,11.16,1.35,0.57,0.06,3.88,3.5
ca,77.69,0.36,11.76,1.40,0.79,0.11,3.29,3.17
ca,77.04,0.36,12.45,1.47,0.88,0.25,3.74,3.17
ca,73.2,0.36,13.7,1.76,1.4,0.41,5.11,2.97
ca,72.76,0.36,11.17,3.03,1.08,0.66,3.34,2.85
ca,66.9,0.36,16,3.46,4.49,1.2,3.37,1.46
ca,76.73,0.37,11.61,1.55,0.72,0.11,3.63,2.89
ca,76.54,0.37,12.82,1.59,1.2,0.13,3.99,2.52
ca,69.23,0.37,13.05,2.17,1.69,0.58,3.91,2.28
ca,66.7,0.37,10.6,4.22,3.23,4.21,1.29,1.17
ca,51.4,0.37,10.7,8.19,9.26,16.8,2.22,0.59
ca,77.82,0.38,11.79,1.53,0.81,0.19,3.15,2.88
ca,73.6,0.38,13.1,2.29,1.69,0.23,4.23,2.16
ca,77.96,0.39,11.56,1.66,0.67,0.18,3.07,2.81
ca,74.25,0.39,11.47,1.77,0.86,0.24,3.68,3.18
ca,76.63,0.39,11.15,2.04,0.74,0.29,3.63,3.14
ca,70.6,0.39,14.6,2.21,1.78,0.44,4.69,2.84
ca,77.14,0.4,11.66,1.50,0.68,0.06,3.59,2.95
ca,77.77,0.4,11.4,1.33,0.53,0.09,3.97,3.31
ca,77.05,0.4,11.72,1.60,0.72,0.1,3.98,2.99
ca,75.26,0.4,12.74,1.80,1.41,0.22,4.29,2.47
ca,77.55,0.4,12.7,1.69,1.22,0.24,2.56,2.73
ca,75.16,0.4,11.22,1.98,0.84,0.31,3.69,3.08
ca,70.4,0.4,14.5,2.47,1.67,0.4,5.19,2.72
ca,72.2,0.4,14.8,2.12,1.69,0.54,5.35,2.75
ca,73.09,0.4,12.21,2.29,1.34,0.57,4.7,2.66
ca,72,0.4,14.8,2.14,1.74,0.58,5.31,2.83
ca,77.66,0.41,12.16,1.60,0.84,0.2,3.6,2.96
ca,77.29,0.41,11.28,1.59,0.71,0.27,3.45,2.99
ca,74.37,0.41,11.46,2.18,0.79,0.4,3.9,3.01
ca,71.64,0.41,13.23,1.70,1.84,0.54,4.26,2.05
ca,71.37,0.41,11.94,2.63,1.24,0.54,3.74,2.29
ca,71.1,0.41,14.5,2.24,1.77,0.57,5.13,2.79
ca,71.8,0.41,14.7,2.28,2.16,0.63,4.78,2.98
ca,68.8,0.41,16.7,3.45,3.91,0.78,4.27,1.27
ca,64.3,0.41,16.5,3.11,3.64,0.89,4.36,1.25
ca,65.87,0.41,16.23,3.87,3.94,2.05,3.83,2.28
ca,71.4,0.42,13.3,2.33,1.95,0.32,4.31,1.76
ca,71.5,0.42,14,2.13,1.69,0.49,4.8,2.89
ca,71.2,0.42,14.5,2.17,1.76,0.56,4.94,2.76
ca,71.78,0.42,15.09,2.76,2.1,0.61,4.51,2.3
ca,71.8,0.42,14.4,2.39,1.84,0.71,4.8,2.81
ca,72.81,0.42,15.07,2.88,1.99,0.71,5.03,2.94
ca,70.6,0.42,14.5,2.45,2.12,0.77,4.86,2.68
ca,69.73,0.42,15.61,3.10,3.2,1.13,4.38,1.97
ca,67.78,0.42,15.81,3.33,4.07,1.77,4,2.51
ca,75.99,0.43,12.54,1.80,1.31,0.26,3.63,2.57
ca,70,0.43,13.9,2.21,1.83,0.62,4.59,2.92
ca,70.4,0.43,14.9,2.47,2.13,0.77,4.83,2.63
ca,70.8,0.44,15.1,2.47,2.33,0.76,5.02,2.87
ca,67.31,0.44,16.4,3.25,3.78,1.66,4.37,2.52
ca,68.26,0.44,15.89,3.00,3.67,1.67,4.15,2.61
ca,65.85,0.44,16.41,3.74,4.65,2.43,3.95,2.21
ca,71.3,0.45,14.4,2.20,1.81,0.62,5.04,2.8
ca,69.2,0.45,14.9,2.78,2.25,0.68,4.68,2.57
ca,70.8,0.45,15.2,2.44,2.17,0.7,5.41,2.62
ca,69.6,0.45,14.8,2.43,2.06,0.71,4.78,2.6
ca,68.6,0.45,15.5,2.65,2.46,0.79,4.87,2.33
ca,67.7,0.45,14.7,2.69,2.64,0.96,4.19,2.94
ca,69.42,0.45,15.78,2.63,2.88,1.11,4.46,3.03
ca,64,0.45,16.4,4.41,5.2,1.52,3.35,1.08
ca,68.71,0.45,15.54,2.93,3.64,1.56,4.23,2.66
ca,73.96,0.46,10.97,2.26,0.89,0.47,4.76,3.13
ca,70.6,0.46,15.3,2.42,2.27,0.76,5.24,2.67
ca,70.4,0.46,15.3,2.53,2.32,0.83,5.32,2.57
ca,65.1,0.46,16.3,2.87,4.95,1.9,3.23,2.17
ca,69.9,0.47,13.3,2.60,2.15,0.41,4.74,1.68
ca,69.2,0.47,13.5,2.73,2.17,0.44,5.49,1.88
ca,73.08,0.47,12.83,1.78,1.92,0.54,4,2.25
ca,70.67,0.47,12.71,2.35,1.58,0.61,3.67,2.38
ca,70.4,0.47,15.3,2.67,2.44,0.78,4.96,2.71
ca,70.4,0.47,15.4,2.53,2.3,0.79,5.27,2.56
ca,69.47,0.47,16.19,3.15,2.8,0.85,4.52,2.02
ca,72.46,0.48,13.22,1.64,1.8,0.51,4.49,2.23
ca,70.7,0.48,15.2,2.55,2.37,0.78,5.11,2.57
ca,68.93,0.48,15.93,3.27,2.82,1.1,4.91,2.04
ca,62,0.48,16.8,3.47,4.22,1.37,9.72,1.22
ca,65,0.48,17.78,3.38,5.11,1.58,4.77,1.32
ca,74.48,0.49,11.14,2.43,0.93,0.52,4.02,2.91
ca,70.8,0.49,15.3,2.54,2.35,0.8,4.8,2.65
ca,62.1,0.49,16.9,2.81,4.65,1.25,4.65,0.88
ca,68.45,0.49,15.94,3.24,3.39,1.42,4.81,1.7
ca,65.7,0.49,17.5,3.53,4.61,1.47,4.65,1.45
ca,64.9,0.49,16.3,3.51,4.79,1.83,3.38,2.18
ca,56.14,0.49,14.14,6.67,8.52,10.2,2.57,0.87
ca,70.16,0.5,15.13,2.86,3.11,0.73,5.58,1.87
ca,68.5,0.5,15.5,2.95,2.42,0.9,5.46,2.37
ca,67.3,0.5,15.7,2.97,2.84,1.09,4.85,2.49
ca,63,0.5,16.4,3.24,4.18,1.46,4.89,1.01
ca,64.4,0.5,17.16,4.08,4.65,1.69,4.87,1.61
ca,73.9,0.51,13.6,3.12,1.95,0.44,4.77,2.05
ca,70.07,0.51,14,2.16,2.57,0.99,3.92,1.79
ca,68.43,0.51,16.09,3.36,3.05,1.12,4.95,1.93
ca,65.7,0.51,15.9,3.10,4.33,1.74,3.29,2.36
ca,54.23,0.51,17.74,6.43,10.38,6.87,2.86,0.61
ca,54.4,0.51,16.57,6.95,8.86,8.33,3.23,0.64
ca,72.69,0.52,15.05,3.44,3.45,0.89,2.11,1.68
ca,68.7,0.52,15.1,3.05,2.59,1.02,4.67,2.49
ca,67.6,0.52,15.5,3.10,2.66,1.04,4.62,2.35
ca,58.17,0.52,16,5.62,7.72,7.57,3.25,0.8
ca,58.17,0.52,16,5.62,7.72,7.57,3.25,0.8
ca,51.3,0.52,15.7,8.37,10.7,11.1,2.45,0.32
ca,63.67,0.53,17.33,4.07,5.62,2.56,4.03,1.81
ca,61.04,0.53,18.38,4.64,6.7,3.43,3.82,1.07
ca,57.61,0.53,14.61,6.88,8.7,7.49,2.69,1.11
ca,64.7,0.54,15.8,3.04,3.69,1.04,4.78,1.24
ca,68.4,0.54,15.4,3.17,3.04,1.21,5.06,2.27
ca,64,0.54,15.9,3.30,3.97,1.49,4.7,1.14
ca,66.09,0.54,15.19,3.59,4.07,2.22,3.3,2.72
ca,62.9,0.55,16.3,3.30,4.09,1.23,4.13,1.14
ca,62.98,0.55,16.98,3.29,4.44,1.58,4.55,1.04
ca,64.4,0.55,17,3.53,4.47,1.67,4.61,1.22
ca,67.15,0.56,16.49,3.72,3.77,1.22,4.85,1.62
ca,67.95,0.56,15.97,3.74,3.53,1.54,4.37,1.69
ca,65.2,0.56,16.3,3.76,3.99,1.83,4.64,1.32
ca,64.21,0.56,16.93,4.14,5.15,2.34,4.17,2.1
ca,62.7,0.57,16.5,3.18,4.59,1.92,5.12,1.13
ca,57.67,0.57,19.49,5.28,7.92,3.97,3.76,0.99
ca,51.09,0.57,16.36,7.54,10.07,11.06,2.56,0.31
ca,66.2,0.58,14.9,3.19,3.11,0.89,5.05,1.38
ca,63.6,0.58,15.8,3.84,4.12,1.87,4.71,1.27
ca,60.3,0.58,17.35,5.15,6.46,4.54,3.72,1.47
ca,62.15,0.59,16.57,2.71,4.62,1.14,3.5,1.02
ca,64.55,0.59,18.22,4.46,4.35,1.34,4.94,1.2
ca,68.49,0.6,17.41,3.36,3.99,1.02,3.7,2.85
ca,65.77,0.6,17.34,3.83,4.46,1.32,4.58,1.37
ca,62.8,0.6,17.9,3.91,5.29,1.7,4.88,1.29
ca,63.42,0.6,18.31,4.22,5.34,1.8,5.08,1.29
ca,60.1,0.6,18.2,5.10,6.7,3.4,4.3,1.1
ca,51.46,0.6,16.82,7.38,11.25,9.09,2.59,0.41
ca,51.46,0.6,16.82,7.38,11.25,9.09,2.59,0.41
ca,53.45,0.61,16.84,7.50,9.81,7.65,2.87,0.83
ca,65.5,0.62,16.1,3.33,3.81,1.25,4.49,1.3
ca,67.5,0.62,16,3.44,3.46,1.54,4.86,2.26
ca,64.3,0.62,16.7,4.35,4.83,2.65,4.41,1.79
ca,63.4,0.62,17,4.46,5.31,2.79,4.4,1.64
ca,60.52,0.62,17.83,4.98,6.29,3.64,4.06,1.68
ca,60.1,0.62,18.05,4.82,7.27,4.01,3.6,1.15
ca,61.32,0.63,17.52,4.84,6.39,3.43,3.95,1.52
ca,59.15,0.63,18.14,5.32,6.81,4.16,3.91,1.49
ca,63.47,0.64,17.6,4.37,5.19,2.11,4.53,1.22
ca,63.08,0.64,17.63,4.40,5.31,2.16,4.61,1.23
ca,50.53,0.64,16.78,7.99,9.89,10.52,3.67,0.51
ca,50.53,0.64,16.78,7.99,9.89,10.52,3.67,0.51
ca,66.66,0.65,16.23,3.84,3.64,1.26,5.2,1.79
ca,65.94,0.65,17.55,3.97,4.55,1.33,4.46,1.39
ca,65.46,0.65,17.79,4.03,4.51,1.44,4.35,1.35
ca,63.78,0.65,17.44,4.70,5.1,2.21,4.8,1.3
ca,64.9,0.65,16.4,4.26,4.57,2.47,4.56,1.88
ca,60.1,0.65,17.9,5.51,5.7,2.5,4.3,1.3
ca,60,0.65,18.2,5.70,6.42,3.32,4.1,0.99
ca,53.09,0.65,16.26,7.28,11.15,8.15,2.69,0.32
ca,69.3,0.66,15.7,3.12,2.76,0.9,4.83,2.44
ca,68,0.66,14.2,3.49,2.7,0.91,4.64,1.64
ca,62.7,0.66,18.04,4.22,5.31,1.97,4.47,1.22
ca,62.97,0.66,17.74,4.38,5.35,2.14,4.64,1.23
ca,64.72,0.66,17.15,4.23,4.7,2.2,4.21,1.42
ca,59.4,0.66,17.7,4.00,6.2,2.77,3.33,1.44
ca,62.31,0.66,16.37,4.91,5.67,3.08,4.28,1.76
ca,55.28,0.66,15.82,6.76,9.23,7.99,2.96,0.84
ca,68.8,0.67,15,3.73,3.09,0.89,4.78,1.67
ca,66.47,0.67,16.53,3.65,3.35,1.11,5.79,1.68
ca,64.15,0.67,17.37,5.08,4.52,1.73,4.68,1.54
ca,64.1,0.67,17.36,5.08,4.52,1.73,4.68,1.54
ca,62.86,0.67,17.8,4.55,5.28,2.27,4.44,1.25
ca,54.85,0.67,15.83,6.70,8.73,8.63,3.02,1.11
ca,66.8,0.68,15.2,3.85,3.4,1.49,4.92,1.54
ca,62.94,0.68,17.7,4.60,5.33,2.2,4.56,1.25
ca,62.86,0.68,17.67,4.55,5.35,2.29,4.52,1.22
ca,62.72,0.68,17.88,4.66,5.32,2.29,4.51,1.22
ca,61.49,0.68,18.02,4.64,6.31,2.83,4.37,0.93
ca,56.2,0.68,18.66,6.79,8.79,4.31,3.18,0.97
ca,70.2,0.69,14,3.28,2.51,0.64,4.94,1.8
ca,63.26,0.69,18.7,4.17,4.89,1.99,5.07,1.27
ca,63.62,0.69,17.26,4.41,5.26,2.7,4.08,1.28
ca,53.61,0.69,18.91,7.67,10.16,5.08,2.71,0.77
ca,47.43,0.69,16.86,9.11,11.74,10.36,2.34,0.1
ca,65.2,0.7,16.1,4.09,4.16,1.87,4.91,1.38
ca,62.77,0.7,17.74,4.61,5.32,2.19,4.47,1.25
ca,62.68,0.7,17.78,4.63,5.38,2.23,4.5,1.23
ca,62.95,0.7,17.55,4.72,5.43,2.31,4.47,1.23
ca,61.5,0.7,18.2,4.89,5.35,2.92,4.45,1.42
ca,60.3,0.7,17.9,5.40,6.7,3.4,4.1,1.2
ca,59.7,0.7,18.4,5.70,6.3,3.8,4.1,1.05
ca,57.6,0.7,18.9,6.06,7.2,4.07,4.25,0.79
ca,62.58,0.71,17.88,4.68,5.39,2.29,4.54,1.2
ca,60.46,0.71,18.6,4.70,6.4,2.64,4.93,1.01
ca,51.5,0.71,17.24,7.33,10.42,9.2,2.57,0.61
ca,51.5,0.71,17.24,7.33,10.42,9.2,2.57,0.61
ca,51.5,0.71,17.24,7.33,10.42,9.2,2.57,0.61
ca,62.51,0.72,17.75,4.73,5.34,2.27,5.11,1.3
ca,62.96,0.72,16.8,4.77,5.41,2.8,3.85,2.24
ca,59.9,0.72,17.6,5.53,6.52,3.91,4.09,1.28
ca,46.26,0.72,17.75,12.02,16.35,4.93,1.25,0.2
ca,67.28,0.73,14.67,3.44,2.98,0.84,4.5,1.51
ca,64.35,0.73,16.9,4.53,4.85,1.88,4.6,1.4
ca,61.56,0.73,17.03,4.98,6.06,3.49,3.8,1.93
ca,50.8,0.73,16.6,7.83,11,9.97,2.48,0.3
ca,63.18,0.74,17.45,4.66,4.96,1.82,4.53,1.33
ca,61.4,0.74,18.5,5.02,5.64,2.55,4.7,1.3
ca,58.1,0.74,18.2,5.88,7.07,3.67,4.19,1.13
ca,61.01,0.75,18.74,5.50,5.84,2.21,4.65,0.95
ca,61.69,0.75,18.16,4.80,5.89,2.51,4.61,1.27
ca,61.63,0.75,17.51,5.26,5.44,2.62,4.53,1.33
ca,61.7,0.75,16.2,5.40,5.4,4.2,4.1,1.8
ca,54.6,0.75,18.3,6.80,6.9,8.1,3.7,0.75
ca,50.12,0.75,16.5,8.92,10.77,8.86,2.68,0.93
ca,61.39,0.76,17.4,5.43,5.8,2.87,4.51,1.04
ca,58.2,0.76,18,5.61,6.52,3.52,3.95,1.25
ca,61.82,0.77,17.5,5.05,5.78,2.77,4.39,1.13
ca,60.24,0.77,18.1,4.90,6.25,3.26,4.61,1.04
ca,58.3,0.77,17.6,5.86,7.5,3.9,3.9,0.89
ca,58.79,0.78,19.64,5.39,7.23,2.76,4.25,0.84
ca,74.4,0.79,12.2,3.45,1.19,0.2,4.37,2.52
ca,67.98,0.79,15.96,3.10,3.24,1.01,4.49,3
ca,57.64,0.79,17.42,5.98,6.86,3.91,3.69,1.72
ca,55.85,0.79,19.48,5.97,7.6,4.37,3.64,0.82
ca,55.48,0.79,16.17,5.35,7.46,7.19,3.42,1.52
ca,60.22,0.8,17.24,5.61,6.24,3.62,3.72,2.06
ca,59.1,0.8,18.4,4.98,7.17,3.68,4.33,1.13
ca,57.94,0.8,18.85,5.79,7.56,3.88,4.14,0.72
ca,60,0.8,17.5,5.80,6,4,4.3,1.5
ca,55.59,0.8,19.34,5.91,8.8,4.37,3.56,1.18
ca,55.7,0.8,19.5,5.90,7.6,4.8,3.8,1.05
ca,56.4,0.8,18.8,6.10,7.6,5,3.9,1.1
ca,55.46,0.8,16.42,6.24,8,7.23,3.41,1.36
ca,56.19,0.8,16.19,6.47,7.21,7.28,3.39,1.46
ca,58.89,0.81,18.55,5.78,6.85,3.33,3.98,0.96
ca,58.5,0.81,17.2,5.36,6.7,3.35,4.34,1.05
ca,48.13,0.81,18.53,13.05,9.6,5.33,3.58,0.33
ca,50.57,0.81,17.39,7.67,12.09,8.24,2.57,0.23
ca,61.6,0.82,17.9,4.89,5.31,2.26,5.05,1.64
ca,55.8,0.82,18.2,5.76,7.07,3.86,3.94,1.16
ca,58.67,0.82,19.18,5.66,6.54,4.12,3.9,0.78
ca,54.8,0.82,18.9,7.60,8.14,4.52,3.94,0.62
ca,57.47,0.82,17.07,6.34,8.16,5.12,3.38,1.2
ca,54.07,0.82,17.12,7.11,8.4,7.8,3.59,0.67
ca,51.99,0.82,16.57,8.35,10.28,8.34,2.92,0.22
ca,75.6,0.83,12.3,3.00,1.27,0.16,4.66,2.58
ca,62.11,0.83,15.91,4.83,4.61,2.39,4.05,3.06
ca,57.03,0.84,17.19,6.35,7.17,3.96,3.55,2.04
ca,56,0.84,19.4,6.64,7.92,3.97,3.95,0.82
ca,52.46,0.84,18.46,7.23,9.42,6.88,3.25,0.66
ca,52.07,0.84,16.79,7.40,9.62,8.85,3.09,0.84
ca,61.52,0.85,17.01,5.31,5.52,2.62,4.64,1.43
ca,59.78,0.85,18.47,5.57,6.14,2.77,4.66,0.86
ca,57.5,0.85,18,6.25,7.2,4.1,3.8,1.1
ca,57.64,0.85,16.7,5.05,7.7,5.01,3.7,1.3
ca,55.5,0.85,19.2,6.30,7.6,5.2,3.8,0.75
ca,54.49,0.85,17.07,6.31,8.98,7.73,3.47,0.63
ca,54.49,0.85,17.07,6.31,8.98,7.73,3.47,0.63
ca,54.49,0.85,17.07,6.31,8.98,7.73,3.47,0.63
ca,50.98,0.85,16.36,8.26,10.14,9.11,2.92,0.76
ca,73.6,0.86,12.7,2.59,1.66,0.27,4.31,2.22
ca,58.8,0.86,17.4,4.19,7.01,4.11,4.05,1.22
ca,63.78,0.87,16.63,5.10,3.83,1.37,4.92,3.1
ca,59.3,0.87,17.6,5.57,6.17,3.64,4.79,1.43
ca,58.54,0.87,18.66,5.19,7.12,3.68,4.37,0.71
ca,59,0.87,17.93,5.71,6.78,3.79,4.02,0.97
ca,58.18,0.88,18.69,5.34,7.07,3.68,4.4,0.87
ca,59.44,0.88,17.28,6.00,6.62,3.83,3.98,1.01
ca,56.62,0.89,18.44,6.30,7.79,4.28,3.95,0.74
ca,61.39,0.9,17.77,5.21,4.5,1.9,4.93,2.65
ca,58.32,0.9,17.75,5.89,7.17,4.41,4.26,0.84
ca,57.7,0.9,17.2,4.22,7.17,4.66,4.31,1.44
ca,54.31,0.9,16.56,5.27,9.24,7.23,3.41,0.82
ca,58.38,0.91,17.82,7.02,6.58,3.42,4.35,1.14
ca,56,0.92,16.7,6.16,7.03,3.17,3.91,1.44
ca,52.09,0.92,16.83,7.61,8.85,8.91,3.07,1.11
ca,52.09,0.92,16.83,7.61,8.85,8.91,3.07,1.11
ca,49.37,0.92,16.59,8.81,10.06,10.46,2.68,0.53
ca,57.71,0.93,18.06,6.43,6.76,3.72,4.21,1.15
ca,62.82,0.94,15.79,5.31,4.76,2.45,4.22,2.49
ca,58.32,0.94,17.73,6.41,6.64,3.71,4.28,1.19
ca,57.5,0.94,17.76,6.58,6.74,3.92,4.11,1.15
ca,57.98,0.94,17.56,6.44,7.02,4.22,3.89,0.92
ca,56.64,0.94,18.03,6.39,7.55,4.3,4.26,0.85
ca,56.68,0.94,17.73,6.57,8.07,5.12,3.66,0.77
ca,55.1,0.95,19,6.82,5.87,3.3,3.68,1.26
ca,57.74,0.95,18.19,6.49,6.86,3.79,4.22,1.16
ca,57.72,0.95,17.52,6.60,6.98,4.05,4.2,1.21
ca,55.88,0.95,18.88,6.20,7.84,4.26,4.15,0.86
ca,56.75,0.95,17.78,6.38,7.69,4.38,4.17,0.83
ca,56.89,0.95,17.85,6.58,7.57,4.91,4.02,0.77
ca,60.34,0.96,16.6,5.87,6.02,3.57,4.06,2.02
ca,57.84,0.96,18.55,6.17,7.1,3.58,3.88,0.92
ca,54,0.96,18.3,5.18,8.33,6.04,3.77,0.65
ca,56.94,0.97,18.16,7.09,6.83,3.77,4.58,1.24
ca,53.16,0.97,19.35,7.04,9.04,5.13,3.82,0.49
ca,53.34,0.97,17.61,7.79,8.93,6.17,3.47,0.89
ca,54,0.97,15.7,7.04,7.81,9.52,3.32,1.09
ca,57.28,0.99,18.45,6.33,7.33,4.4,3.38,0.81
ca,50.37,0.99,17.73,8.43,9.79,8.43,3.02,0.65
ca,50.37,0.99,17.73,8.43,9.79,8.43,3.02,0.65
ca,48.11,0.99,17.69,9.53,12.14,8.78,2.29,0.11
ca,47.36,0.99,16.87,9.54,12.13,9.33,2.19,0.08
ca,57.9,1,17.4,6.90,6.5,3.9,4.4,1.2
ca,57.7,1,17.4,6.60,6.9,4.9,4.2,1.35
ca,53.9,1,18.9,7.20,8.1,6,4,1.05
ca,51.46,1,17.08,8.49,9.96,7.4,3.05,0.85
ca,48.7,1,18.8,8.04,12.4,7.63,2.88,0.14
ca,48.7,1,18.7,8.20,12.6,8.58,1.76,0.15
ca,63,1.01,16.1,5.68,4.95,2.3,4.04,2.22
ca,57.4,1.01,17.9,6.43,5.47,2.89,4.15,1.56
ca,52.28,1.01,17.13,8.20,8.73,7.79,3.24,1.01
ca,61.9,1.02,16.46,5.90,5.11,2.32,4.19,2.29
ca,58.84,1.02,16.74,7.40,6.77,3.81,4.01,1.07
ca,57,1.02,17.93,6.76,7.34,4.22,3.63,1.01
ca,49.4,1.02,18.6,8.42,12.4,7.61,2.07,0.16
ca,57.91,1.03,17.56,6.30,6.58,4.16,4.45,1.27
ca,61.8,1.04,16.19,5.77,5.4,2.82,3.68,2.47
ca,61.4,1.04,16.12,5.99,5.44,2.88,4.05,2.27
ca,55.3,1.04,17.8,7.28,7.26,3.73,3.78,1.04
ca,54,1.04,16.9,4.87,8.6,7.28,3.7,1.23
ca,61.8,1.05,15.8,6.01,5.15,2.85,4.17,2.42
ca,54.2,1.05,18.4,7.60,8.2,5.7,3.8,0.8
ca,56.09,1.06,18.53,6.24,7.93,4.27,4.08,0.74
ca,53.82,1.06,17,7.36,8.78,5.75,3.63,0.86
ca,54.32,1.07,18.27,6.67,8.46,2.88,4.16,1.11
ca,56.64,1.07,17.14,6.76,7.85,4.34,3.98,1.55
ca,52.4,1.07,18,8.05,8.58,6.85,3.9,0.56
ca,48.46,1.07,17.39,9.07,11.1,8.64,2.8,0.22
ca,52.2,1.08,19.04,7.76,8.74,5.64,3.75,0.56
ca,61.1,1.09,16.52,6.07,5.27,2.51,4.28,2.41
ca,50.56,1.09,15.55,8.42,8.33,9.57,2.82,1.02
ca,60.6,1.1,16.67,6.19,5.44,2.65,4.21,2.31
ca,59.1,1.1,17.1,6.76,6.27,2.78,4.56,1.22
ca,56,1.1,17.8,7.10,7.4,3.5,4.2,1.4
ca,57.4,1.1,17.8,7.40,6.6,4.1,4.5,1.05
ca,53.4,1.1,17.1,7.44,9,5.5,3.5,1.2
ca,52.2,1.1,17,8.52,10.1,5.6,3.3,0.79
ca,53.8,1.1,17.6,5.55,8.03,6.04,3.97,0.78
ca,52.9,1.1,17.7,5.23,9.61,6.43,3.5,0.76
ca,49.1,1.1,16.8,10.50,10.6,8.3,2.7,0.5
ca,49.66,1.1,17.37,9.82,9.51,8.59,3.1,0.48
ca,58.78,1.11,17.25,6.82,6.24,3.44,4.52,1.38
ca,55.49,1.11,18.65,6.35,8.09,4.29,4.02,0.87
ca,53.2,1.11,18.3,7.90,9.1,5.6,4.1,0.8
ca,56.2,1.12,17.9,6.68,7.26,4,4.4,1.6
ca,55.24,1.12,18.01,7.46,7.54,4.44,4.07,0.82
ca,55.4,1.12,17.7,7.70,8.1,4.7,4.2,1.19
ca,53,1.12,17.1,7.40,9.69,6.45,3.54,1.01
ca,52.6,1.12,17,5.10,9.7,6.95,3.62,1.02
ca,52.38,1.12,15.8,8.25,8.9,8.19,3.19,1.19
ca,53.81,1.13,18.38,7.38,8,3.12,4.12,1.1
ca,51.2,1.13,17.3,8.36,8.97,8.15,3.38,0.85
ca,52.66,1.13,16.04,7.36,8.49,8.41,3.62,1.74
ca,59.3,1.14,17.6,6.66,6.29,2.65,4.54,1.25
ca,57.63,1.14,17.07,7.92,6.68,3.83,4.19,1.12
ca,54.2,1.14,18.24,7.29,8.62,4.88,3.65,0.73
ca,53.5,1.14,17.8,10.30,7.88,5.32,2.81,0.85
ca,51.48,1.14,18.03,7.93,9.13,7.22,3.44,0.97
ca,59.9,1.15,16.23,6.58,5.63,3.06,4.34,2.3
ca,53.56,1.15,18.18,7.90,7.76,5.21,3.93,0.9
ca,52.6,1.15,16.35,8.36,8.7,8.22,3.2,1.16
ca,50.98,1.15,15.67,8.86,8.7,8.83,2.9,1.2
ca,48.3,1.16,17.51,10.98,9.89,8.37,3.23,0.22
ca,53.32,1.16,15.61,7.69,7.67,9.05,3.43,1.35
ca,59.7,1.17,16.6,6.63,5.58,2.94,4.24,2.33
ca,50.3,1.17,18.3,7.88,11.7,6.58,3.37,0.4
ca,50.78,1.17,16.63,8.80,8.81,9.23,3.01,0.91
ca,59.6,1.18,16.68,6.56,5.75,2.95,4.17,2.26
ca,59.3,1.18,16.8,6.63,5.99,3.1,4.06,2.12
ca,56.5,1.18,17.41,7.56,6.88,4.24,4.43,1.24
ca,51.93,1.18,16.36,8.52,8.41,8.36,3.07,1.26
ca,50,1.18,17.2,6.05,10,8.44,3.32,0.54
ca,53.53,1.18,15.83,7.49,7.75,8.64,3.49,1.37
ca,59.9,1.19,16.55,6.56,5.51,2.83,4.17,2.43
ca,59.3,1.19,16.56,6.83,5.96,3.13,4.14,2.1
ca,55.6,1.19,18.1,7.71,7.38,3.32,4.06,1.03
ca,52.7,1.19,17,5.21,9.52,6.86,3.69,0.97
ca,49.1,1.19,17.2,10.35,10.1,6.91,3.25,0.33
ca,51.35,1.19,17.02,8.45,9.14,8.05,3.14,1.02
ca,51.35,1.19,17.02,8.45,9.14,8.05,3.14,1.02
ca,50.12,1.19,16.58,9.14,8.23,9.94,2.73,0.71
ca,59.4,1.2,16.53,6.77,5.64,3,4.35,2.36
ca,55.9,1.2,17.4,8.00,7.1,4.1,4.5,1.15
ca,52,1.2,19,8.30,8.5,6.6,3.7,0.65
ca,49.9,1.2,16.3,8.70,9.4,10.2,2.9,1.5
ca,59.9,1.21,16.66,6.61,5.75,2.92,3.93,2.23
ca,58.7,1.21,16.94,6.82,5.93,3.11,4.32,2.21
ca,59.3,1.21,16.71,6.69,5.85,3.12,4.11,2.17
ca,52.5,1.21,17.9,9.03,8.2,5.48,4.31,0.81
ca,50.3,1.21,18.2,8.09,12.1,6.29,3.16,0.37
ca,50.1,1.21,18.3,8.01,11.9,6.5,3.29,0.4
ca,60.13,1.22,16.85,8.26,5.17,1.89,4.65,1.42
ca,59.2,1.22,16.78,6.67,5.84,2.96,4.23,2.26
ca,58,1.22,17.09,6.99,6.62,3.58,3.93,1.8
ca,58.26,1.22,16.19,7.60,6.56,4.28,4.15,1.29
ca,47.98,1.22,16.7,10.99,9.06,9.03,3.12,0.35
ca,58.2,1.23,17.02,6.93,6.38,3.27,4.2,1.96
ca,56.14,1.23,17.32,6.89,7.12,4.82,4.14,1.2
ca,52.1,1.23,18.33,9.52,7.99,5.2,4.25,0.95
ca,61,1.24,17.3,5.87,5.29,2.25,4.89,1.52
ca,59.41,1.24,16.74,6.76,5.9,3.21,4.16,2.15
ca,57.6,1.24,16.91,7.21,6.57,3.7,4.14,1.76
ca,54.15,1.24,17.09,6.84,8.81,5.4,3.94,1.02
ca,54.1,1.24,17.33,7.53,8.01,5.41,4.08,0.94
ca,52,1.24,18.5,6.00,8.46,6.3,3.7,0.57
ca,59.6,1.25,16.51,6.74,5.79,3.01,4.03,2.26
ca,58.9,1.25,16.92,6.79,5.98,3.06,4.15,2.16
ca,56.9,1.25,18.3,6.90,7,3.6,4.5,1.15
ca,52.1,1.25,19.4,7.50,10,5.5,3.5,0.75
ca,54.3,1.25,17.6,7.70,8.3,5.6,3.7,0.95
ca,52.6,1.25,17.8,9.22,8.06,5.74,4.27,0.76
ca,50.8,1.25,18,8.07,12,5.95,3.27,0.4
ca,52.51,1.25,15.34,8.01,7.65,9.07,3.21,1.43
ca,57.45,1.26,17.76,6.90,6.69,3.42,4.15,1.02
ca,49.8,1.26,16.6,10.20,11.9,7.44,2.13,0.34
ca,54.42,1.26,15.56,7.19,7.61,8.54,3.65,1.45
ca,59.6,1.27,16.73,6.61,5.13,2.62,4.55,2.63
ca,59.5,1.27,16.76,6.61,5.17,2.63,4.52,2.63
ca,57.4,1.27,17.03,7.29,6.62,3.77,4,1.8
ca,54.24,1.27,17.06,7.05,8.54,5.76,3.79,1
ca,52.73,1.27,17.48,8.79,8.79,6.46,3.38,0.74
ca,50.05,1.27,17.95,8.75,9.15,7.72,3.65,0.76
ca,55.8,1.28,16.51,7.10,7.38,4.75,3.88,1.78
ca,54.59,1.29,16.13,8.71,7.74,5.57,3.85,4.56
ca,61,1.3,16.9,6.04,5.3,2.33,5.13,1.39
ca,57.1,1.3,16.8,7.12,6.1,2.8,4.5,2.4
ca,52.6,1.3,17.8,7.06,8.01,4.06,4.46,1.32
ca,54.2,1.3,18.3,5.16,7.55,4.29,3.82,2.12
ca,53.65,1.3,18.7,8.64,7.37,4.46,4.42,1.04
ca,48.5,1.3,17.7,9.36,12.2,7.43,2.04,0.18
ca,54.3,1.31,18.4,9.18,8.06,4.72,2.57,0.99
ca,53.3,1.31,18.5,9.39,8.68,4.84,2.67,0.88
ca,52.5,1.31,17.8,9.20,8.15,5.9,4.15,0.78
ca,52.21,1.32,16.88,7.65,8.85,6.02,4.18,2.19
ca,49.64,1.32,15.56,8.28,9.78,10.67,3.03,0.92
ca,48.9,1.33,18.2,8.59,12.9,6.17,2.5,0.26
ca,49.31,1.33,16.99,9.67,10.05,8.65,2.9,0.45
ca,53.1,1.35,18.1,8.70,8.3,5.6,3.9,0.9
ca,49.29,1.35,17.91,10.59,10.44,6.5,3.36,0.22
ca,51.5,1.35,17.7,9.20,8,7.4,3.5,0.85
ca,50.2,1.35,17.1,9.40,9,9.1,3.3,0.55
ca,51.85,1.36,16.15,8.35,8.87,7.86,3.56,1.23
ca,49.8,1.37,16.29,8.60,9.31,8.86,3.76,1.1
ca,50.82,1.38,16.41,8.79,8.77,8.43,3.56,1.12
ca,52.38,1.4,18.21,9.40,7.7,5.15,4.27,1.02
ca,50.53,1.4,17.51,9.99,9.98,5.85,3.49,0.86
ca,52.37,1.4,16.78,8.08,8.38,7.92,3.62,0.94
ca,49.3,1.4,17.3,10.60,8.9,8.4,3.1,0.5
ca,49.5,1.41,16.7,9.81,11.6,6.24,3.86,0.5
ca,48.9,1.41,16.25,10.37,8.88,8.01,3.49,0.7
ca,50.1,1.41,17.1,9.90,9.53,8.59,3.3,0.37
ca,52.9,1.43,18.31,8.21,7.95,5.45,4.26,0.99
ca,52.96,1.43,18.33,8.22,7.96,5.46,4.27,0.99
ca,51.14,1.43,17.41,8.61,9.14,6.73,3.33,0.69
ca,48.7,1.44,18.6,8.43,11.6,7.53,2.59,0.64
ca,50.6,1.45,17.6,9.30,9,7.6,3.1,0.7
ca,49.5,1.45,16.9,9.90,9.1,8.9,3.3,0.45
ca,50.1,1.45,16.9,9.10,9,9,3.3,0.8
ca,48.56,1.47,17.47,11.67,9.58,6.57,3.65,0.56
ca,48.64,1.47,17.5,11.69,9.6,6.58,3.66,0.56
ca,58.01,1.49,16.65,9.46,5.81,2.2,4.62,1.32
ca,57.92,1.49,16.63,9.45,5.8,2.2,4.61,1.32
ca,50.14,1.49,16.2,10.20,8.85,8.07,3.76,0.83
ca,48.8,1.5,18.4,9.81,11.6,6.05,2.23,0.29
ca,48.1,1.5,17.4,9.81,11.5,7.43,2.6,0.3
ca,50,1.5,17.7,9.70,9,7.6,3,0.55
ca,49.1,1.5,17.1,10.00,8.8,8.6,3.6,0.45
ca,49.1,1.5,17.1,10.70,8.5,8.7,2.9,0.55
ca,49.5,1.5,16.4,9.70,8.5,9.4,3.3,0.7
ca,52.93,1.51,18.24,8.21,7.82,4.78,4.11,0.87
ca,50.6,1.51,17.7,9.30,9.61,7.04,3.3,0.59
ca,49.52,1.51,16.06,10.20,8.74,8.13,3.47,0.82
ca,49.4,1.51,16.03,9.02,9.47,8.94,3.6,1.11
ca,50.77,1.52,17.03,9.39,9.11,6.54,3.38,1.21
ca,48.95,1.52,16.82,10.69,10.4,7.89,3.04,0.33
ca,51.38,1.53,17.44,10.57,8.01,5.64,3.69,0.79
ca,49.17,1.53,15.67,9.61,8.69,8.37,3.56,0.91
ca,52.13,1.54,17.28,9.65,7.93,5.88,4.03,1
ca,50.95,1.54,17.35,9.54,9.33,6.14,3.6,0.65
ca,51.23,1.55,17.45,9.59,9.38,6.17,3.62,0.65
ca,49.5,1.55,17.5,9.30,9.4,7.7,3.3,0.65
ca,50.2,1.55,17.5,9.30,8.8,8.2,3.4,0.7
ca,50.27,1.55,16.38,8.48,9.38,8.48,3.36,0.7
ca,49.2,1.55,15.94,9.17,9.7,8.89,3.4,1.15
ca,50.99,1.56,17.66,10.05,7.99,6.17,4.22,0.97
ca,49.77,1.56,17.24,9.30,9.1,7.74,3.27,0.55
ca,50.71,1.56,16.97,8.44,7.82,8.81,3.61,1.32
ca,48.38,1.57,17.35,11.03,10.51,7.11,3.31,0.37
ca,47.2,1.57,17.6,9.72,12.1,7.3,3.06,0.29
ca,54.8,1.59,17.47,8.24,6.95,4.22,4.12,1.73
ca,52.63,1.59,17.87,10.46,8.27,5.66,3.86,0.8
ca,48.8,1.59,15.9,10.35,12,7.78,1.78,0.27
ca,52.95,1.6,16.43,8.86,7.61,5.97,3.81,1.03
ca,53.08,1.6,16.38,8.89,7.6,6.07,3.86,1.04
ca,50.26,1.61,16.51,10.13,9.1,5.16,3.49,1.07
ca,46.22,1.61,15.08,10.15,8.94,7.35,3.15,1.07
ca,50.21,1.62,16.11,10.41,9.56,7.4,3.07,1.05
ca,49,1.65,18,9.50,8.7,7.9,3.5,0.8
ca,54.4,1.66,17.64,8.29,7.29,4.26,3.87,1.72
ca,51.42,1.66,17.18,10.06,8.94,5.78,3.64,0.87
ca,51.22,1.69,17.88,7.76,8.27,6.83,4.07,1.48
ca,51.77,1.73,17.74,8.53,8.3,6.19,4.24,1.17
ca,50.12,1.73,16.2,9.27,9.14,7.24,3.94,1.43
ca,44.15,1.76,15.22,13.38,10.69,8.06,2.88,1.1
ca,49.6,1.77,16.31,9.27,9.68,7.87,3.35,1.19
ca,48.3,1.78,16.12,9.59,10.34,8.68,3.02,1.17
ca,48.53,1.79,15.27,9.15,8.38,8.3,3.59,1.23
ca,51.04,1.82,17.06,8.94,8.32,6.73,3.78,1.08
ca,49.5,1.87,16.49,9.18,9.47,7.49,3.56,1.38
ca,47.6,1.87,16.05,9.54,8.19,8.06,3.22,1.23
ca,48.46,1.89,16.46,10.23,9.16,7.94,3.73,1.44
ca,48.8,1.89,16.06,9.58,9.83,7.95,3.42,1.46
ca,48.5,1.89,16.48,9.47,9.39,8.11,3.57,1.49
ca,48.8,1.9,16.56,9.26,9.22,7.99,3.75,1.45
ca,49.97,1.9,15.35,10.82,8.32,9.31,4.14,1.22
ca,47.77,1.91,13.74,12.16,8.31,11.34,3.4,0.74
ca,46.08,1.92,14.01,11.23,8.4,9.67,4.32,1.06
ca,45.99,1.92,14.55,11.43,9.63,10.53,3.41,1.18
ca,48.4,1.93,16.4,9.81,13,6.47,2.33,0.15
ca,49.34,1.93,15.52,10.45,9.1,8.41,3.53,1.13
ca,49.1,1.94,16.42,9.28,9.32,7.87,3.58,1.43
ca,49.96,1.95,16.98,9.37,9.01,7,3.89,1.28
ca,49.6,1.95,16.53,9.35,9.49,7.12,3.63,1.34
ca,50.3,1.96,16.75,9.13,9.53,6.32,3.64,1.41
ca,49.4,1.97,16.09,9.48,9.74,7.5,3.56,1.3
ca,49.94,1.98,16.26,10.53,8.54,6.83,3.9,1.34
ca,49.28,2,16.88,10.12,8.7,7.16,3.89,1.26
ca,48.27,2.02,14.81,11.97,8.77,11.12,2.72,1
ca,49.89,2.04,16.82,10.12,8.62,6.61,3.88,1.31
ca,46.96,2.04,16.85,10.14,8.63,6.62,3.89,1.31
ca,46.13,2.06,15.39,12.48,9.27,6.87,2,1
ca,45.35,2.07,16.71,13.81,11.13,5.54,3.15,1.2
ca,48.4,2.08,15.91,9.74,9.85,8.11,3.34,1.46
ca,48.3,2.09,16.15,9.48,9.32,8.1,3.82,1.57
ca,48.92,2.1,16.67,11.12,8.71,6.67,3.78,1.36
ca,48.99,2.1,16.7,11.14,8.72,6.68,3.79,1.36
ca,55.59,2.111,14.03,10.52,7.28,3.66,3.11,1.58
ca,48.5,2.15,15.9,12.10,9.2,8,3.2,0.5
ca,49.33,2.24,16.78,11.06,9.75,6.56,3.14,0.66
ca,50.48,2.25,16.43,10.55,7.2,6.06,4.13,2
ca,49.98,2.26,17.12,10.97,6.5,5.8,4.28,2.17
ca,50.98,2.28,16.98,10.78,7.62,4.28,4.77,1.33
ca,49,2.28,16.3,10.44,7.33,6.28,4.17,2.254
ca,49.07,2.54,16.77,12.89,6.65,4,4.44,2.24
ca,49.14,2.57,15.5,11.99,9.39,6.88,3.22,0.76
ca,48.5,2.8,17,9.48,7.9,4.2,4,1.7
ca,47.04,3.58,17.04,12.53,8.15,6.48,3.1,1.37
ca,48,3.8,16.2,8.39,10.2,4,3.4,1.2
