{
    "comment": "This is a sample JSON file for coords of GeoChem Plots. ",
    "date": "2021-8-6",
    "version": "0.01",
    "author": "fred yu",
    "title": "Cr_Y",
    "type": "xy",
    "log": "true",
    "axis":["Y ppm","Cr ppm"],    
    "reference": "Dilek, Y., Furnes, H., and Shallo, M., 2007, Suprasubduction zone ophiolite formation along the periphery of Mesozoic Gondwana. Gondwana Research, v. 11, p. 453-475.",
    "lines": {
        "Boninites": 
            [
                [3.9,2000],
                [3.9,2200],
                [4.0,3000],
                [4.3,3900],
                [4.8,4600],
                [6.0,4400],
                [7.5,3400],
                [9.5,2200],
                [11.5,1200],
                [12.9,600],
                [13.3,300],
                [12.7,160],
                [11.2,110],
                [9.5,100],
                [7.8,110],
                [6.5,150],
                [5.2,300],
                [4.4,600],
                [4.0,1000],
                [3.9,1500],
                [3.9,2000]
            ],
        "Arc tholeiites":  
            [
                [15.5,3],
                [13.7,7],
                [11.8,20],
                [10.1,50],
                [9.5,100],
                [9.6,200],
                [10.5,300],
                [12.0,360],
                [15.0,340],
                [18.0,250],
                [21.5,155],
                [25.0,80],
                [27.0,45],
                [28.4,20],
                [31.5,8],
                [36.5,3]
            ],
        "MORB": 
            [
                [18.4,350],
                [18.2,400],
                [18.2,600],
                [19.7,830],
                [23,1000],
                [28,955],
                [34,810],
                [42.5,600],
                [50,420],
                [59,260],
                [64,170],
                [65,110],
                [62.5,88],
                [58,70],
                [49,54],
                [41.5,50],
                [34,55],
                [28,75],
                [22.8,130],
                [19.9,220],
                [18.7,300],
                [18.4,350]
            ]
        },
    "label_coords": {
        "Boninites":  [7, 1000] ,
        "Arc tholeiites":  [20, 20] ,
        "MORB":  [35, 250] 
    },
    "line_type": {
        "Boninites":  "solid"        ,
        "Arc tholeiites":  "solid"       ,
        "MORB":  "solid"         
    },
    "polygons": {
        "Boninites": 
            [
                [3.9,2000],
                [3.9,2200],
                [4.0,3000],
                [4.3,3900],
                [4.8,4600],
                [6.0,4400],
                [7.5,3400],
                [9.5,2200],
                [11.5,1200],
                [12.9,600],
                [13.3,300],
                [12.7,160],
                [11.2,110],
                [9.5,100],
                [7.8,110],
                [6.5,150],
                [5.2,300],
                [4.4,600],
                [4.0,1000],
                [3.9,1500],
                [3.9,2000]
            ],
        "Arc tholeiites":  
            [
                [15.5,3],
                [13.7,7],
                [11.8,20],
                [10.1,50],
                [9.5,100],
                [9.6,200],
                [10.5,300],
                [12.0,360],
                [15.0,340],
                [18.0,250],
                [21.5,155],
                [25.0,80],
                [27.0,45],
                [28.4,20],
                [31.5,8],
                [36.5,3]
            ],
        "MORB": 
            [
                [18.4,350],
                [18.2,400],
                [18.2,600],
                [19.7,830],
                [23,1000],
                [28,955],
                [34,810],
                [42.5,600],
                [50,420],
                [59,260],
                [64,170],
                [65,110],
                [62.5,88],
                [58,70],
                [49,54],
                [41.5,50],
                [34,55],
                [28,75],
                [22.8,130],
                [19.9,220],
                [18.7,300],
                [18.4,350]
            ]
    },
    "labels": { 
        "Boninites":  "Boninites"        ,
        "Arc tholeiites":  "Arc tholeiites"       ,
        "MORB":  "MORB"        
    },
    "angle": {
        "Boninites": 0     ,
        "Arc tholeiites": 0   ,
        "MORB": 0   
    }
}
