{
    "date": "2021-1-31",
    "version": "0.01",
    "author": "Pieter Vermeesch",
    "title": "TAS",
    "type": "xy",
    "log": "",
    "axis":["SiO2","K2O+Na2O"],
    "reference": "Maitre, R. W. L., Streckeisen, A., Zanettin, B., Bas, M. J. L., Bonin, B., and Bateman, P., 2004, Igneous Rocks: A Classification and Glossary of Terms: Cambridge University Press, v. -1, no. 70, p. 93–120.",
    "lines": {
	"F": [
	    [41,3],
	    [41,7],
	    [45,9.4]
	],
	"T": [
	    [61,13.5],
	    [57.6,11.7],
	    [63,7],
	    [69,8],
	    [69,13]
	]
    },
    "line_type": {
	"F": "dashed",
	"T": "solid"
    },
    "polygons": {
	"F":[
	    [41,0],
	    [0,0],
	    [0,37.67],
	    [42,18.7],
	    [52.5,14],
	    [48.4,11.5],
	    [45,9.4],
	    [41,7]
	],
	"T":[
	    [63,7],
	    [57.6,11.7],
	    [61,13.5],
	    [63,16.2],
	    [69,17.7],
	    [69,8]
	]
    },
    "label_coords": {
	"F": [40,12],
	"T": [64,10]
    },
    "labels": {
	"F": "Foidite",
	"T": "Trachyte(q<20%),Trachydacite(q>20%)"
    },
    "angle": {
	"F" : 0,
	"T": 0
    }
}
