{
    "comment": "This is a sample JSON file for coords of GeoChem Plots. ",
    "date": "2021-2-27",
    "version": "0.04",
    "author": "Fred Yu, Pieter Vermeesch",
    "title": "Ti/100-Zr-Y*3",
    "type": "xyz",
    "log": "false",
    "axis":["Ti/100","Zr","Y*3"],
    "reference": "Barker 1979, Pearce and Cann 1973",
    "notice":"coords below is Ti/100, Zr, Y*3, not original Ti,Zr,Y. ",   
    "lines": {
	"D":[
	    [24,55.5,20.5],
	    [28,59,13],
	    [50,38.5,11.5],
	    [48,24,28],
	    [42.5,37.5,30],
	    [29.5,45,25.5]
	],
	"C":[
	    [29.5,45,25.5],
	    [24,55.5,20.5],
	    [16,63,21],
	    [10,62.5,27.5],
	    [10,55,35],
	    [19,40,41]
	],
	"B":[
	    [42.5,37.5,30],
	    [29.5,45,25.5],
	    [19,40,41],
	    [30,26,44]
	],
	"A":[
	    [48,24,28],
	    [39,20.5,40.5],
	    [30,26,44],
	    [42.5,37.5,30]
	]
    },
    "line_type": {
	"D":"solid",
	"C":"solid",
	"B":"solid",
	"A":"solid"
    },
    "polygons": {
	"D":[
	    [24,55.5,20.5],
	    [28,59,13],
	    [50,38.5,11.5],
	    [48,24,28],
	    [42.5,37.5,30],
	    [29.5,45,25.5]
	],
	"C":[
	    [29.5,45,25.5],
	    [24,55.5,20.5],
	    [16,63,21],
	    [10,62.5,27.5],
	    [10,55,35],
	    [19,40,41]
	],
	"B":[
	    [42.5,37.5,30],
	    [29.5,45,25.5],
	    [19,40,41],
	    [30,26,44]
	],
	"A":[
	    [48,24,28],
	    [39,20.5,40.5],
	    [30,26,44],
	    [42.5,37.5,30]
	]
    },
    "labels": {
	"D": "Within-plate basalts",
	"C": "Calc-alkali basalts",
	"B": "MORB, island-arc tholeiites and calc-alkali basalts",
	"A": "Island-arc tholeiites"
    },
    "label_coords": {
	"D": [40,40,20] ,
	"C": [40,25,35] ,
	"B": [33,33,34] ,
	"A": [20,50,30] 
    },
    "angle": {
	"D" : 0,
	"C" : 0,
	"B" : 0,
	"A" : 0
    }
}
